id,content,source,tag
1,"To apply for an undergraduate programme, visit the official KNUST website, https://www.knust.edu.gh/announcements/undergraduate-admissions/admission-candidates-undergraduate-degree-programmes-20252026-academic-year, and follow the instructions and procedures given.",knust website,admissions
2,"To apply for a postgraduate programme, visit the official KNUST website,https://www.knust.edu.gh/announcements/general/admission-candidates-research-or-higher-degree-programmes-20252026-academic-year, and follow the instructions and procedures given.",knust website,admissions
3,"To apply for an International Distance Learning (IDL) programme, visit the official KNUST website,https://idl.knust.edu.gh/page/admissions/idl-undergraduate-top-and-diploma-programmes-20252026-admissions, and follow the instructions and procedures given.",knust website,admissions
4,"For the latest KNUST cut-off poins and admission requirements, visit https://webapps.knust.edu.gh/check/forms/Admission_Requirement.pdf",knust website,admissions
5,"You can pay your admission fee or school fees at any of the following banks; GT-Bank, CBG and Ghana Commercial Bank",knust website,admissions
6,"Currently, about 60% of the total student population is non-resident.",knust website,accomodation
7,"There are Six Halls of residence and a number of hostels on the University Campus. They are Queen Elizabeth II Hall , Unity Hall, Independence Hall, Republic Hall, University Hall, and Africa Hall. All the Six Halls of residence are mixed (Male and Female). All the six halls on campus have wi-fi installations that enable residents to have easy access to the internet in the comfort of their rooms and halls. The GUSSS, Graduate Students, Credit Union and the SRC have a Hostel each on campus. Ghana Hostels Limited also has residential facility on campus.",knust website,accomodation
8,"As part of the measures to improve the security of our students, particularly international and to ensure the provision of an enabling residential facility and environment for their studies and stay, it is the policy of the University that, all International Students are to be accommodated on Campus in University's Halls of Residence, GUSSS, Hall Seven and SRC Hostels Facilities. It is therefore an offence for any International Student to lodge outside the designated places",knust website,accomodation
9,"DOSA (Directorate of Student Affairs) at KNUST is responsible for student welfare and support. The Directorate of Student Affairs (DOSA), formally known as The Office of the Dean of Students, was formally established in 1997 to provide the needed necessary welfare support services for students during their period of study at KNUST. The Directorate of Student Affairs (DOSA), formally known as The Office of the Dean of Students was formally established in 1997 to provide the needed necessary welfare support services for students during their period of study at KNUST. The office, over the years, has sought to fulfil its mission by assisting students to understand in both specific and general terms how the university operates both at the social and academic levels.
This consequently enables us to understand regulations and procedures and ways to getting their needs met. The office had further provided opportunities for students to develop and enhance their leadership skills by involving them in decision making processes, supporting advocacy for students and providing and involving them in conflict resolution techniques.
The office is organized into sections to help provide support to the student body of the university community;
Â•	Administration
Â•	Student Guidance and Counselling
Â•	International Student Affairs
Â•	Student Representative Council Affairs 
Â•	Students Housing and Residence Life
Â•	Student Conduct and Discipline
Â•	Student Support Services
Â•	Financial Services
",knust website,accomodation
10,"The Commercial area is the main business hub of the university. The commercial area houses a pool of banks, a post office and well-resourced bookshop. It also houses a number of mini-marts where all assortment of foodstuff can be found. There are printing and photocopy shops scattered all around campus to aid academic work.",knust website,non-residential hostel
11,"There are a number of shuttles at the Commercial area, which stops at various Bus stops on  and around campus.",knust website,non-residential hostel
12,ABUNDANCE GRACE HOSTEL — Location: AYEDUASE NEW SITE — Contact: 0246139376. This is one of the non-residential hostels around KNUST campus.,knust website,non-residential hostel
13,ADOM-BI — Location: AYEDUASE — Contact: 0244462154. This is one of the non-residential hostels around KNUST campus.,knust website,non-residential hostel
14,AFRIM — Location: AYEDUASE — Contact: 0243414677. This is one of the non-residential hostels around KNUST campus.,knust website,non-residential hostel
15,AMANDAH — Location: AYEDUASE — Contact: 0544198434. This is one of the non-residential hostels around KNUST campus.,knust website,non-residential hostel
16,AMEN MAIN — Location: AYEDUASE — Contact: 0249268089. This is one of the non-residential hostels around KNUST campus.,knust website,non-residential hostel
17,AMEN ANNEX — Location: AYEDUASE — Contact: 0277401637. This is one of the non-residential hostels around KNUST campus.,knust website,non-residential hostel
18,AMEN INN — Location: AYEDUASE — Contact: 0277401637. This is one of the non-residential hostels around KNUST campus.,knust website,non-residential hostel
19,AMERICAN HOUSE — Location: AYEDUASE NEW SITE — Contact: 0208133921. This is one of the non-residential hostels around KNUST campus.,knust website,non-residential hostel
20,ANAROSA — Location: AYEDUASE — Contact: 0274840045. This is one of the non-residential hostels around KNUST campus.,knust website,non-residential hostel
21,"ANGLICAN — Location: GAZA AREA, KNUST — Contact: 0249481310. This is one of the non-residential hostels around KNUST campus.",knust website,non-residential hostel
22,BLUE ARK — Location: BOMSO — Contact: 0208117888. This is one of the non-residential hostels around KNUST campus.,knust website,non-residential hostel
23,ASANSIKA — Location: AYEDUASE LAST STOP — Contact: 0245892336. This is one of the non-residential hostels around KNUST campus.,knust website,non-residential hostel
24,B O EXECUTIVE — Location: AYEDUASE — Contact: 0242678171. This is one of the non-residential hostels around KNUST campus.,knust website,non-residential hostel
25,"BANIVILLAS — Location: GAZA AREA, KNUST — Contact: 0244627999. This is one of the non-residential hostels around KNUST campus.",knust website,non-residential hostel
26,BEACON HOSTEL — Location: AYEDUASE — Contact: 0242083101. This is one of the non-residential hostels around KNUST campus.,knust website,non-residential hostel
27,BY HIS GRACE — Location: AYEDUASE — Contact: 0277090109. This is one of the non-residential hostels around KNUST campus.,knust website,non-residential hostel
28,CANAM HALL — Location: KOTEI EXTENSION — Contact: 0244991398. This is one of the non-residential hostels around KNUST campus.,knust website,non-residential hostel
29,CANAM GOLD — Location: KOTEI EXTENSION — Contact: 0244991398. This is one of the non-residential hostels around KNUST campus.,knust website,non-residential hostel
30,CANAM EXECUTIVE — Location: KOTEI EXTENSION — Contact: 0244991398. This is one of the non-residential hostels around KNUST campus.,knust website,non-residential hostel
31,CASA MARIA HOSTEL — Location: AYEDUASE — Contact: 0208185998. This is one of the non-residential hostels around KNUST campus.,knust website,non-residential hostel
32,CELIA ROYAL — Location: KOTEI — Contact: 0245970318. This is one of the non-residential hostels around KNUST campus.,knust website,non-residential hostel
33,CEPOS HOSTEL — Location: KOTEI NEW SITE — Contact: 0277429367. This is one of the non-residential hostels around KNUST campus.,knust website,non-residential hostel
34,CHARIS — Location: AYEDUASE-NEWSITE — Contact: 0247014197. This is one of the non-residential hostels around KNUST campus.,knust website,non-residential hostel
35,CHRISTLIKE — Location: AYEDUASE — Contact: 0244470257. This is one of the non-residential hostels around KNUST campus.,knust website,non-residential hostel
36,CRESTHAVEN — Location: KOTEI — Contact: 0245921848. This is one of the non-residential hostels around KNUST campus.,knust website,non-residential hostel
37,CRYSTAL ROSE — Location: GAZA — Contact: 0206549570. This is one of the non-residential hostels around KNUST campus.,knust website,non-residential hostel
38,DAKENS INT. HOSTEL — Location: AYEDUASE — Contact: 0208150148. This is one of the non-residential hostels around KNUST campus.,knust website,non-residential hostel
39,DE-LISA HOSTEL ANNEX — Location: AYEDUASE NEW SITE — Contact: 0244282694. This is one of the non-residential hostels around KNUST campus.,knust website,non-residential hostel
40,DE-LISA HOSTEL MAIN — Location: KOTEI ROAD — Contact: 0244282694. This is one of the non-residential hostels around KNUST campus.,knust website,non-residential hostel
41,DESTINY VIEW — Location: KENTINKRONO — Contact: 0241676204. This is one of the non-residential hostels around KNUST campus.,knust website,non-residential hostel
42,DEVALIPAH — Location: KOTEI — Contact: 0242861466. This is one of the non-residential hostels around KNUST campus.,knust website,non-residential hostel
43,DIVINE KARMA — Location: AYEDUASE — Contact: 0543030093. This is one of the non-residential hostels around KNUST campus.,knust website,non-residential hostel
44,ENIN — Location: NEWSITE — Contact: 0242820345. This is one of the non-residential hostels around KNUST campus.,knust website,non-residential hostel
45,FOSUA HOMES — Location: AYEDUASE NEW SITE — Contact: 0552793293. This is one of the non-residential hostels around KNUST campus.,knust website,non-residential hostel
46,FLINT XKLUSIV — Location: KOTEI EXTENSION — Contact: 0244461262 / 0244246287. This is one of the non-residential hostels around KNUST campus.,knust website,non-residential hostel
47,F. PLAZA — Location: AYEDUASE NEW SITE — Contact: 0246761099 / 0244366904. This is one of the non-residential hostels around KNUST campus.,knust website,non-residential hostel
48,FRANCO HOSTEL — Location: KOTEI EXTENSION — Contact: 0553005120. This is one of the non-residential hostels around KNUST campus.,knust website,non-residential hostel
49,FRANCO HOSTEL ANNEX — Location: KOTEI EXTENSION — Contact: 0244583897. This is one of the non-residential hostels around KNUST campus.,knust website,non-residential hostel
50,NEW FRANCO — Location: KOTEI EXTENSION — Contact: 0244583897. This is one of the non-residential hostels around KNUST campus.,knust website,non-residential hostel
51,FRONTLINE APARTMENT — Location: AYEDUASE — Contact: 0276907186. This is one of the non-residential hostels around KNUST campus.,knust website,non-residential hostel
52,FRONTLINE COURT — Location: AYEDUASE-KOTEI — Contact: 0276907186. This is one of the non-residential hostels around KNUST campus.,knust website,non-residential hostel
53,FRONTLINE INN — Location: AYEDUASE — Contact: 0276907186. This is one of the non-residential hostels around KNUST campus.,knust website,non-residential hostel
54,GEORGE EMPIRE (AMANDA) — Location: BEHIND P.III — Contact: 0208142263. This is one of the non-residential hostels around KNUST campus.,knust website,non-residential hostel
55,GEORGIA HOSTEL — Location: GAZA — Contact: 0243986830. This is one of the non-residential hostels around KNUST campus.,knust website,non-residential hostel
56,GHANA HOSTELS — Location: GAZA — Contact: 0206864492. This is one of the non-residential hostels around KNUST campus.,knust website,non-residential hostel
57,GLORY BE TO GOD — Location: AYEDUASE — Contact: 0242002594. This is one of the non-residential hostels around KNUST campus.,knust website,non-residential hostel
58,GLORY BE TO GOD ANNEX — Location: AYEDUASE — Contact: 0242689765. This is one of the non-residential hostels around KNUST campus.,knust website,non-residential hostel
59,HALLOWED — Location: KOTEI — Contact: Not available. This is one of the non-residential hostels around KNUST campus.,knust website,non-residential hostel
60,HAPPY FAMILY — Location: AYEDUASE — Contact: 0243787505. This is one of the non-residential hostels around KNUST campus.,knust website,non-residential hostel
61,HIGH ACHIEVERS — Location: NEWSITE — Contact: 0242760178. This is one of the non-residential hostels around KNUST campus.,knust website,non-residential hostel
62,HONESTY STUDENTS HOSTEL — Location: AHINSAN ESTATE — Contact: 0244288299. This is one of the non-residential hostels around KNUST campus.,knust website,non-residential hostel
63,HYDES — Location: KOTIE EXTENSION — Contact: 0244372453. This is one of the non-residential hostels around KNUST campus.,knust website,non-residential hostel
64,IPS — Location: BOMSO — Contact: 0244655275. This is one of the non-residential hostels around KNUST campus.,knust website,non-residential hostel
65,JENEST HOSTEL — Location: AYEDUASE GATE — Contact: 0548136028. This is one of the non-residential hostels around KNUST campus.,knust website,non-residential hostel
66,JALEX HOSTEL — Location: AYEDUASE — Contact: 0208149693. This is one of the non-residential hostels around KNUST campus.,knust website,non-residential hostel
67,JECADO HOSTEL — Location: AYEDUASE — Contact: 0243318339. This is one of the non-residential hostels around KNUST campus.,knust website,non-residential hostel
68,JITA HOSTEL — Location: AYEDUASE — Contact: 0247497700. This is one of the non-residential hostels around KNUST campus.,knust website,non-residential hostel
69,JITA 2 — Location: AYEDUASE — Contact: 0266659113. This is one of the non-residential hostels around KNUST campus.,knust website,non-residential hostel
70,JOHANNES — Location: KOTEI — Contact: 0248289373. This is one of the non-residential hostels around KNUST campus.,knust website,non-residential hostel
71,KGEE — Location: NEWSITE — Contact: 0544914552. This is one of the non-residential hostels around KNUST campus.,knust website,non-residential hostel
72,KWAKYEWAA — Location: KOTEI — Contact: 0244587382. This is one of the non-residential hostels around KNUST campus.,knust website,non-residential hostel
73,LONG ISLAND — Location: KOTEI — Contact: 0543247175. This is one of the non-residential hostels around KNUST campus.,knust website,non-residential hostel
74,MANCHESTER — Location: KOTEI — Contact: 0243484015. This is one of the non-residential hostels around KNUST campus.,knust website,non-residential hostel
75,MASS — Location: KOTEI — Contact: 0249397811. This is one of the non-residential hostels around KNUST campus.,knust website,non-residential hostel
76,MILLENIUM LIGHT — Location: AYEDUASE NEWSITE — Contact: 0208122201. This is one of the non-residential hostels around KNUST campus.,knust website,non-residential hostel
77,MORNING STAR PALACE — Location: AYEDUASE — Contact: 0543698818. This is one of the non-residential hostels around KNUST campus.,knust website,non-residential hostel
78,MORNING STAR PALACE — Location: BOMSO — Contact: 0244247533. This is one of the non-residential hostels around KNUST campus.,knust website,non-residential hostel
79,NANA ADOMAH — Location: AYEDUASE — Contact: 0241796149. This is one of the non-residential hostels around KNUST campus.,knust website,non-residential hostel
80,NEVADA — Location: NEWSITE - AYEDUASE — Contact: 0243944020. This is one of the non-residential hostels around KNUST campus.,knust website,non-residential hostel
81,NO WEAPON — Location: KOTEI — Contact: 0546882770. This is one of the non-residential hostels around KNUST campus.,knust website,non-residential hostel
82,NO WEAPON ANNEX — Location: KOTEI — Contact: 0542623351. This is one of the non-residential hostels around KNUST campus.,knust website,non-residential hostel
83,NYAME MIREKU — Location: AYEDUASE — Contact: 0245396040. This is one of the non-residential hostels around KNUST campus.,knust website,non-residential hostel
84,NYANTAKYI — Location: NEWSITE — Contact: 0242549054. This is one of the non-residential hostels around KNUST campus.,knust website,non-residential hostel
85,ORANGE HOSTEL — Location: KOTEI — Contact: 0244383345. This is one of the non-residential hostels around KNUST campus.,knust website,non-residential hostel
86,OUTLOOK HOSTEL — Location: AYEDUASE NEWSITE — Contact: 0244620866. This is one of the non-residential hostels around KNUST campus.,knust website,non-residential hostel
87,P III HOSTEL — Location: AYEDUASE — Contact: 0245787825. This is one of the non-residential hostels around KNUST campus.,knust website,non-residential hostel
88,PINAMANG HOSTEL — Location: AYEDUASE NEW SITE — Contact: N/A. This is one of the non-residential hostels around KNUST campus.,knust website,non-residential hostel
89,PREMIER TOWER PALACE — Location: KOTEI — Contact: 0549435660. This is one of the non-residential hostels around KNUST campus.,knust website,non-residential hostel
90,PRESTIGE — Location: KOTEI — Contact: 0244025917. This is one of the non-residential hostels around KNUST campus.,knust website,non-residential hostel
91,PROVIDENCE — Location: KOTEI — Contact: 0276779957. This is one of the non-residential hostels around KNUST campus.,knust website,non-residential hostel
92,R & B — Location: AYEDUASE — Contact: 0246288768. This is one of the non-residential hostels around KNUST campus.,knust website,non-residential hostel
93,RICHBAD — Location: KOTEI — Contact: 0558868618. This is one of the non-residential hostels around KNUST campus.,knust website,non-residential hostel
94,RISING STAR (NYBERG) — Location: KOTEI ROAD — Contact: 0209777759. This is one of the non-residential hostels around KNUST campus.,knust website,non-residential hostel
95,RISING SUN — Location: AYEDUASE — Contact: 0244572880. This is one of the non-residential hostels around KNUST campus.,knust website,non-residential hostel
96,ROYAL GATE HOSTEL LTD. — Location: BOMSO GATE — Contact: 0243463320. This is one of the non-residential hostels around KNUST campus.,knust website,non-residential hostel
97,SHALOM KIBUTZ — Location: AYEDUASE — Contact: 0244756911. This is one of the non-residential hostels around KNUST campus.,knust website,non-residential hostel
98,SHEPHERDSVILLE — Location: AYEDUASE — Contact: 0544341084. This is one of the non-residential hostels around KNUST campus.,knust website,non-residential hostel
99,SOMPA — Location: KOTEI — Contact: 0246331048. This is one of the non-residential hostels around KNUST campus.,knust website,non-residential hostel
100,SPLENDOR — Location: AYEDUASE — Contact: 0204089165. This is one of the non-residential hostels around KNUST campus.,knust website,non-residential hostel
101,STANDARD — Location: BOMSO — Contact: 0208168440. This is one of the non-residential hostels around KNUST campus.,knust website,non-residential hostel
102,SUNCITY — Location: KENTINKRONO — Contact: 0244616428. This is one of the non-residential hostels around KNUST campus.,knust website,non-residential hostel
103,THE BEST — Location: KOTEI — Contact: 0244252764 / 0244581128. This is one of the non-residential hostels around KNUST campus.,knust website,non-residential hostel
104,THE HOPES COMMUNITY — Location: AYEDUASE — Contact: 0558256643. This is one of the non-residential hostels around KNUST campus.,knust website,non-residential hostel
105,THE LIBERTY — Location: KOTEI — Contact: 0240993470. This is one of the non-residential hostels around KNUST campus.,knust website,non-residential hostel
106,THINK JESUS — Location: AHINSAN — Contact: 0243649924. This is one of the non-residential hostels around KNUST campus.,knust website,non-residential hostel
107,THY KINGDOM COME — Location: AYEDUASE — Contact: 0244828656. This is one of the non-residential hostels around KNUST campus.,knust website,non-residential hostel
108,THY WILL BE DONE — Location: KOTEI — Contact: 0548486613. This is one of the non-residential hostels around KNUST campus.,knust website,non-residential hostel
109,ULTIMATE HOSTEL — Location: BOMSO — Contact: 0247136197. This is one of the non-residential hostels around KNUST campus.,knust website,non-residential hostel
110,VICTORY TOWERS — Location: AYEDUASE — Contact: 0271973542. This is one of the non-residential hostels around KNUST campus.,knust website,non-residential hostel
111,WAGYINGO — Location: AYEDUASE — Contact: 0549678089. This is one of the non-residential hostels around KNUST campus.,knust website,non-residential hostel
112,WESTEND — Location: AYEDUASE — Contact: 0243881534. This is one of the non-residential hostels around KNUST campus.,knust website,non-residential hostel
113,WHITE HOUSE — Location: AYEDUASE — Contact: 0243140061. This is one of the non-residential hostels around KNUST campus.,knust website,non-residential hostel
114,WHITPAM A — Location: KOTEI — Contact: 0547105598. This is one of the non-residential hostels around KNUST campus.,knust website,non-residential hostel
115,WHITPAM B — Location: NEWSITE — Contact: 0249482939. This is one of the non-residential hostels around KNUST campus.,knust website,non-residential hostel
116,ZORO 1 — Location: KENTINKRONO — Contact: 0262690249. This is one of the non-residential hostels around KNUST campus.,knust website,non-residential hostel
117,A taxi station can be found at Tech Junction and Brunei Hostel.,knust website,transportation
118,"Kwame Nkrumah University of Science and
Technology, Kumasi, Ghana is a university situated
in Kumasi, the capital city of the Ashanti Region
of Ghana. The main university campus, which is
approximately sixteen square kilometres, lies to
the east of Kumasi, the Ashanti Regional capital,
and is seven kilometres away from the central
business district of the city. The undulating land
and pleasant surroundings present a panorama of
beautiful and modern architecture, interspersed
with verdant lawns and tropical flora, providing
a cool and refreshing atmosphere, congenial to
academic work.
By a Government Ordinance of October 6,
1951, the Kumasi College of Technology was
established as a public University with the Faculty
of Engineering and the Department of Commerce
and affiliated with the University of London. It
began operations on January 22, 1952, with 200
teacher-training students who were relocated
from Achimota College to form the nucleus of
the Kumasi College of Technology. The College
expanded enormously in academic disciplines in
the years that followed. In addition to the existing
programmes, the Departments of Pharmacy and
Agriculture were established in 1953, followed
by the Departments of General Studies, Town
Planning & Building, and the Faculty of Science.
As the Kumasi College of Technology developed,
it was decided that its Science and Technology
status be maintained. To this end, the Teacher
Training Section, excluding the Art School, was
transferred to the Winneba Training College,
and the Commerce Department to Achimota
College, in January 1958.
In 1961, the Kumasi College of Technology was
granted full-fledged university status based on
the report of a commission appointed by the
government to advise it on the status of the
College. Consequently, the Kumasi College of
Technology was converted into an autonomous
University by an Act of Parliament on August 22,
1961, and named Kwame Nkrumah University of
Science and Technology. The Kwame Nkrumah
KNUST Students’ Guide and Code of Conduct 7
University of Science and Technology was
formally inaugurated on Wednesday, November
29, 1961, and began awarding its own degrees
in June 1964.
After the overthrow of Dr. Kwame Nkrumah, the
name of the University was changed, by a decree,
to the University of Science and Technology,
Kumasi on February 24, 1966.
By an Act of Parliament in 1998, Act 559, the
name of the University reverted to its original
one, Kwame Nkrumah University of Science and
Technology.",students' guide,
119,"In January 2005, the University adopted the
collegiate system to allow for greater academic
and administrative autonomy. Under this system,
the various Faculties were condensed into six
colleges, namely:
i. College of Agriculture and Natural
Resources (CANR)
ii. College of Architecture and Planning
(CAP)
iii. College of Art and Social Sciences (CASS)
iv. College of Engineering (CoE)
v. College of Health Sciences (CHS) and
vi. College of Science (CoS)
As a dynamic institution, the structure of the
collegiate system keeps evolving, and presently,
the Colleges of the University stand as:
i. College of Agriculture and Natural
Resources (CANR)
ii. College of Art and Built Environment
(CABE)
iii. College of Engineering (CoE)
iv. College of Health Sciences (CHS)
v. College of Humanities and Social Sciences
(CoHSS)
vi. College of Science (CoS)",students' guide,
120,"The Principal Officers of the University, as set out
in the Statutes are: The Chancellor, The Chairman of the University Council,
and The Vice-Chancellor.
The Vice-Chancellor is the Academic and Administrative
head and Chief Disciplinary officer of the University.",students' guide,administration of the university
121,"The Pro Vice-Chancellor exercises powers as specified in
the University Act and such other as may be delegated
to him by the Vice-Chancellor.",students' guide,administration of the university
122,The Registrar is the Chief Administrative Officer of the university.,students' guide,administration of the university
123,"The highest decision-making body of the
University is the University Council.",students' guide,administration of the university
124,"The Institute of Distance Learning (IDL) was established by KNUST in 2005 under the Faculty of Science to provide quality, demand-driven tertiary education, especially for the working class.
Initially launched with two centres in Accra and Kumasi, it has since expanded significantly and has been upgraded to a college. Today, IDL operates learning centres across almost all regions of Ghana, and even has a presence beyond Ghana's borders.",students' guide,admissions
125,"In 2022, KNUST elevated its School of Graduate Studies to the status of a college (while retaining its original name) to further strengthen its vibrant research culture. This move enhances the School’s capacity to manage over 300 graduate programmes across all university disciplines and continues to attract scholars from across Africa and beyond.",students' guide,admissions
126,"The University has, since 2019, been operating the
Obuasi campus which is steadily growing in terms
of programmes offered and student numbers",students' guide,admissions
127,"Medical students at
the Komfo Anokye Teaching Hospital are housed
in the Laing, Gold, VALCO, and GETFUND hostels.",students' guide,admissions
128,"Kwame Nkrumah University of Science and
Technology, Kumasi, Ghana is currently a
household name in science and technology
education in Africa and its vision of becoming
one of the top ten (10) universities in Africa is
progressively on course.",students' guide,admissions
129,"The Academic Board, under the
University Council, is the body
responsible, among others, for:
a. formulating and carrying out the
academic policies of the University;
b. developing and regulating the
courses of instruction and study, and
supervising research;
c. regulating the conduct of
examinations and the award of
degrees, diplomas, and certificates;
There are Committees of the Academic Board,
which normally make recommendations to it
for its approval before they are implemented.
These include the Executive Committee and the
Residence Committee.",students' guide,administration of the university
130,"The Welfare Services Board is responsible
to the University Council through the
Vice-Chancellor. The functions of the
Board include:
a. Making such reports and
recommendations on matters
affecting the estate and the welfare
services within the University and
within the scope of policy approved
by the Council to take such actions
as the Board may deem necessary.
b. Ma k i ng re p o r ts an d
recommendations to Council either
on its own initiative or at the request
of the Council on any matter referred
to it by the Council.",students' guide,administration of the university
131,"Administration at the College Level
At the college level, the Provost is the
administrative head and is supported
by Deans who head the various
Faculties under the College and
Heads of Departments who oversee
activities at the departmental level.
The day-to-day operations of the
Colleges are undertaken by the
College Registrars with the support of
Faculty Registrars and administrators
for the Departments.",students' guide,administration of the university
132,"Students’ Participation in Administration
of the University
Students’ governance finds
expression in the Students’
Representative Council (SRC) and
the Graduate Students’ Association
of Ghana - KNUST (GRASAG)
which operates under the SRC to
advocate for students’ welfare. They
participate in the administration
of the University through their
representatives on the various boards
and committees of the University.",students' guide,administration of the university
133,"There are presently six (6) colleges and the Institute of Distance Learning which has the status of a
college.",students' guide,administration of the university
134,"There are presently six (6) colleges and the Institute of Distance Learning which has the status of a
college.",students' guide,colleges
135,"The College of Agriculture and Natural Resources was established in
January 2005, following the promulgation of the revised University
statutes in December 2004. It emerged from the former Faculty of
Agriculture, the Institute of Renewable Natural Resources, and the
School of Forestry, Sunyani. The College is mandated to train and
equip graduates with the requisite academic and entrepreneurial
skills in the areas of agricultural production and natural resource
management for sustainable national development, in addition
to carrying out research and extension services in these areas.
The College has two Faculties with ten Departments and three Research Centres. These are Faculty of Agriculture and Faculty of Renewable Natural Resources. The Research Centres are:
i. Agricultural Research Station, Anwomaso
ii. Bureau for Integrated Rural Development (BIRD)
iii. KNUST Dairy/Beef Cattle Research Stations, Boadi",students' guide,colleges
136,"Faculty of Agriculture comprises of the following departments
i. Department of Agricultural Economics, Agribusiness, and Extension
ii. Department of Animal Science
iii. Department of Crop and Soil Sciences
iv. Department of Horticulture",students' guide,colleges
137,"Faculty of Renewable Natural Resources comprises of the following departments:
i. Department of Agroforestry
ii. Department of Fisheries and Watershed Management
iii. Department of Forest Resource Technology
iv. Department of Silviculture and Forest Management
v. Department of Wildlife and Range Management
vi. Department of Wood Science and Technology",students' guide,colleges
138,"The Departments of the College of Agriculture and Natural Resources through its Faculties run the following four-year undergraduate programmes leading to the award of Bachelor of Science (BSc.) degrees in:
i. Agribusiness Management
ii. Agricultural Biotechnology
iii. Agriculture, with options in Animal Science, Horticulture, Crop and Soil Sciences, Agricultural
Economics, Agricultural Extension, Rural Sociology, and Agricultural Mechanization
iv. Aquaculture and Water Resource Management.
v. Forest Resources Technology
vi. Landscape Design and Management
vii. Natural Resource Management: options include Wildlife
and Range Management, Wood Science and Technology,
Agroforestry, Silviculture, Forest Management, Freshwater
Fisheries, and Watershed Management.
viii. Packaging Technology",students' guide,colleges
139,"The College of Agriculture and Natural Resources runs the following Postgraduate programmes:
i. MSc. programmes in Agribusiness Management, and
Agricultural Extension and Development Communication
(One year).
ii. Two-year MPhil programmes are run in all Departments of
the College.
iii. Ph.D. programmes are run in all Departments in the College.",students' guide,colleges
140,"Career and job opportunities exist for graduates of the College of Agriculture and Natural Resources in both the public
and private sectors such as the Ministries, District Assemblies,
Financial Institutions, Timber Firms, Food and Agriculture and
allied organizations, Marketing Companies (Local and Export), Input
Supply Firms, Processing Companies, Agricultural Consultancy and
Advisory Services, Non-Governmental Organisations (NGOs) and
International Organisations.
The programmes are also designed to equip our graduates with
knowledge and skills for job creation and self-employment.",students' guide,colleges
141,"The College of Art and Built Environment (CABE)
came into existence in January 2005 as the College of
Architecture and Planning (CAP). It was a merger of
the former Faculty of Environmental and Development
Studies (FEDS) and the Institute of Land Management and
Development (ILMAD). In 2019, the Faculty of Educational
Studies was introduced to promote the enhanced training
of teachers.",students' guide,colleges
142,"The College Art and Built
Environment (CABE) comprises 3 Faculties, 12 Academic Departments, and 2 Research Centres. The faculties are the faculty of Art, faculty of Built Environment and faculty of Educational Studies. The research centers are;
i. Centre for Educational Research and Development (CERD)
ii. Centre for Settlement Studies",students' guide,colleges
143,"The faculty of art in the college of arts and built environment comprises of the following departments;
i. Department of Communication Design
ii. Department of Industrial Art
iii. Department of Integrated Rural Art and Industry
iv. Department of Painting and Sculpture
v. Department of Publishing Studies",students' guide,colleges
144,"The faculty of built environment in the college of arts and built environment comprises of the following departments;
i. Department of Architecture
ii. Department of Construction Technology and Management
iii. Department of Land Economy
iv. Department of Planning ",students' guide,colleges
145,"The faculty of educational Studies in the college of arts and built environment comprises of the following departments;
i. Department of Educational Innovations in Science and Technology
ii. Department of Teacher Education",students' guide,colleges
146,"The Departments in the College of Arts and Built Environment run four-year undergraduate programmes leading to the award of
Bachelor of Science (BSc.) degrees in:
i. Architecture
ii. Ceramics Technology
iii. Construction Technology Management
iv. Development Planning
v. Fashion Design
vi. Human Settlement Planning
vii. Land Economy
viii. Quantity Surveying and Construction
Economics
ix. Real Estate
x. Textile Design and Technology

There are also Bachelor of Fine Art/ Bachelor of Science degrees in
i. Ceramics
ii. Painting and Sculpture

There are Bachelor of Art degrees in
i. Communication Design
ii. Integrated Rural Art and Industry
iii. Metal Product Design and Technology
iv. Publishing Studies

The Faculty of Educational Studies runs a Diploma in Education (Sandwich) and also awards a Bachelor
of Education (B.Ed) in Junior High School Education with specialisation in:
i. Mathematics
ii. Science
iii. ICT
iv. Agricultural Science
v. Visual Art
vi. History
vii. Geography",students' guide,colleges
147,"Master of Science (MSc.) Master of Philosophy (MPhil) and Doctor of Philosophy (Ph.D.) Programmes
are run in the Departments of the College of Arts and Built environment. The Master of Architecture (M.Arch), MSc. and MPhil
programmes have a duration of two years each, and a minimum of three years for the Ph.D. programmes.
The Faculty of Art runs MA, MFA, MPhil, and Ph.D. programmes in various disciplines.
The Faculty of Educational Studies runs Master of Education in General Education and Art, Master
of Science (MSc.), Master of Philosophy (MPhil), and Doctor of Philosophy (Ph.D.) Programmes.",students' guide,colleges
148,"The following are some career opportunities in the department of architecture; The Public Service including Local Government, Land Use and Spatial Planning Authority (LUSPA)
employs products from this Department as Development and Project Officers; Private Firms; and
Financial Institutions. Other job opportunities are in Real Estate and Academic Institutions. Graduates
can also go into private practice.",students' guide,colleges
149,"The following are some career opportunities in the department of Construction Technology and Management;
Employment opportunities exist in the following areas: Construction Organisations, Consulting
Companies in the Construction Industry as Quantity Surveyors, Construction Managers, and Cost Estimators among others. Graduates can also
secure jobs in the Banks and Ghana’s Real Estate
Development market.",students' guide,colleges
150,"The following are some career opportunities in the department of Land Economy;
job opportunities are in the following
areas: Land Sector Agencies like the Lands
Commission, Land Valuation Board, and
Office of the Administrator of Stool Lands.
Employment is also available in the Estate
Management outfits of both public and
private organizations. The emerging Estate
Development Companies also have room for
Land Economists. After a specified number
of years in the field, the land economist can
go into private consultancy after satisfying
the requirements prescribed by the General
Practice Division of the Ghana Institution of
Surveyors.",students' guide,colleges
151,"The following are some career opportunities in the department of Department of Planning;
Graduates are usually absorbed by the main
integrative planning agencies of government.
In addition, they are also qualified to provide
development-planning input to sectorial
planning agencies such as Health, Education,
Agriculture, and Transportation.",students' guide,colleges
152,"The following are some career opportuinities in the Faculty of Art;
In the Faculty of Art, employment
opportunities abound in KNUST museums,
teaching in schools and colleges, as designers
in high street shops and malls, and in many
instances have become self-employed.",students' guide,colleges
153,"The College of Engineering emerged from the former School of
Engineering. It comprises three faculties with eleven academic
Departments and six Research Centres. The faculties are the Faculty of Civil and Geo-Engineering, Faculty of Electrical and Computer Engineering, and Faculty of Mechanical and Chemical Engineering. The research centers are
i. KNUST Engineering Education Project (KEEP)
ii. Regional Water and Environmental Sanitation Centre, Kumasi (RWESCK)
iii. Technology Consultancy Centre (TCC)
iv. The Brew-Hammond Energy Centre (TBHEC)
v. Transport Research and Education Centre, Kumasi (TRECK)
vi. West African Science Service Centre on Climate Change and Adapted Land Use (WASCAL)",students' guide,colleges
154,"The Faculty of Civil and Geo-Engineering comprises of the following departments;
i. Civil Engineering
ii. Geological Engineering
iii. Geomatic Engineering
iv. Petroleum Engineering",students' guide,colleges
155,"The Faculty of Electrical and Computer Engineering comprises of the following departments;
i. Computer Engineering
ii. Electrical and Electronic Engineering
ii. Telecommunications Engineering",students' guide,colleges
156,"The Faculty of Mechanical and Chemical Engineering comprises of the following departments;
i. Agricultural and Biosystems Engineering
ii. Chemical Engineering
iii. Materials Engineering
iv. Mechanical Engineering",students' guide,colleges
157,"The following are undergraduate Programmes of four-year duration, leading to the award of a Bachelor of Science (BSc.) Degree offered in the College of engineer:
i. Aerospace Engineering
ii. Agricultural Engineering
iii. Automobile Engineering
iv. Biomedical Engineering
v. Chemical Engineering
vi. Civil Engineering
vii. Computer Engineering
viii. Electrical/Electronic Engineering
ix. Geological Engineering
x. Geomatic (Geodetic) Engineering
xi. Industrial Engineering
xii. Marine Engineering
xiii. Materials Engineering
xiv. Mechanical Engineering
xv. Metallurgical Engineering
xvi. Petro-chemical Engineering
xvii. Petroleum Engineering
xviii. Telecommunication Engineering",students' guide,colleges
158,"The College of Engineering runs Postgraduate programmes in various fields leading to the award of MSc, MPhil. and
Ph.D. degrees.",students' guide,colleges
159,"Graduates from the College of Engineering
have a wide range of job opportunities
including the following: General Engineering,
Agriculture, Manufacturing industries,
Teaching and Research, Consultancy, Sales and
Management, Banking and Investment, Food
Processing Industry, Private Enterprise, and
Rural Development Projects.",students' guide,colleges
160,"The College of Health Sciences was established in line with the
restructuring of the University into the collegiate system. It
emerged from the former Faculty of Pharmacy and the School
of Medical Sciences. The College has five academic Faculties,
with a total of twenty Departments and a Research Centre (Kumasi Centre for Collaborative Research in
Tropical Medicine (KCCR)).
The following are the faculties and schools;
i. Faculty of Pharmacy and
Pharmaceutical Sciences.
ii. Faculty of Clinical Medicine
iii. School of Medicine and
Dentistry
iv. Faculty of Allied Health
Sciences
v. School of Public Health
vi. School of Veterinary
Medicine.",students' guide,colleges
161,"The Faculty of Pharmacy and Pharmaceutical Sciences comprises the following departments;
i. Department of Pharmacy Practice
ii. Department of Herbal Medicine
iii. Department of Pharmaceutical
Chemistry
iv. Department of Pharmaceutics
v. Department of Pharmacognosy
vi. Department of Pharmacology

The Faculty of Clinical Medicine comprises of the following departments;
i. Department of Anaesthesiology and
Intensive Care
ii. Department of Child Health
iii. Department of Community Health
iv. Department of Eye, Ear, Nose, and Throat
v. Department of Medicine
vi. Department of Obstetrics and
Gynaecology
vii. Department of Radiology
viii. Department of Surgery

The School of Medicine and Dentistry comprises of the following departments;
i. Department of Adult Oral Health
ii. Department of Anatomy
iii. Department of Basic and Diagnostic Oral
Sciences
iv. Department of Behavioural Sciences
v. Department of Child Oral Health and
Orthodontics
vi. Department of Clinical Microbiology
vii. Department of Community Dentistry
viii. Department of Molecular Medicine
ix. Department of Oral and Maxillofacial
Sciences
x. Department of Pathology
xi. Department of Physiology

The Faculty of Allied Health Sciences comprises of the following departments;
i. Department of Medical Diagnostics
ii. Department of Medical Laboratory
Technology
iii. Department of Nursing
iv. Department of Sports and Exercise
Sciences

The School of Public Health comprises of the following departments;
i. Department of Epidemiology and
Biostatistics
ii. Department of Health Policy,
management, and Economics
iii. Department of Population and
Reproductive Health
iv. Department of Global and International
Health
v. Department of Health Promotion and
Disability Studies
vi. Department of Occupational and
Environmental Health and Safety

The School of Veterinary
Medicine comprises of the following departments;
i. Department of Veterinary Medicine
ii. Department of Veterinary Obstetrics
and Gynaecology
iii. Department of Veterinary Parasitology/
Bacteriology
iv. Department of Veterinary Pathology
v. Department of Veterinary Public Health

The School of Medicine and Dentistry runs threeyear
programmes leading to the award of:
i. Bachelor of Dental Surgery
ii. Bachelor of Science (B.Sc.) in Human
Biology.
This is followed by another three-year Clinical
programme, leading to the award of MB, CHB,
and Doctor of Dental Surgery degrees.
The Faculty of Allied Health Sciences runs
programmes leading to the award of a Bachelor
of Science degree in:
i. Medical Imaging
ii. Medical Laboratory Science
iii. Midwifery
iv. Nursing
v. Nursing (Emergency)
vi. Physician Assistantship
vii. Physiotherapy and Sports Science

The Faculty of Pharmacy and Pharmaceutical
Sciences runs a six-year PharmD programme and
a four-year BSc. Herbal Medicine programme,
while the School of Public Health runs a four-year
programme in disability studies. The rest
of the programmes within the school are all
postgraduate programmes.
The School of Veterinary Medicine, on the
other hand, runs a six-year Doctor of Veterinary
Medicine (DVM) programme.",students' guide,colleges
162,,students' guide,colleges
163,,students' guide,colleges
164,,students' guide,colleges
165,,students' guide,colleges
166,,students' guide,colleges
167,,students' guide,colleges
168,"The Faculties and Departments of the College of Health Sciences
run various postgraduate programmes leading
to the award of Diploma, MSc., M.Phil., and Ph.D.
degrees in their specific areas.",students' guide,colleges
169,"Graduates from the College of Health Sciences have varied
job opportunities in the Health Sector,
Pharmaceutical Industries, and Research and
Development Institutes",students' guide,colleges
170,"The College of Humanities and Social Sciences is an
amalgamation of three Faculties and sixteen (16) Departments
and a Research Centre (Centre for Cultural and African Studies). The amalgamation was in line with
the University’s objective to achieve good governance and
academic excellence through the restructuring of academic
and administrative units into colleges. The College, like all five
others, came into being on the 4th of January 2005, following
the promulgation of the new statutes.
The faculties and school are Faculty of Law, The KNUST School of Business and Faculty of Social Sciences.",students' guide,colleges
171,"The Faculty of law comprises the following departments;
i. Department of Commercial Law.
ii. Department of Private Law
iii. Department of Public Law",students' guide,colleges
172,"The Faculty of Social Sciences Comprises of the following departments;
i. Department of Communication and Language Sciences
ii. Department of Economics
iii. Department of English
iv. Department of Geography and Rural Development
v. Department of History and Political Studies
vi. Department of Religious Studies
vii. Department of Sociology and Social Work",students' guide,colleges
173,"The KNUST School of Business has four academic departments:
i. Department of Accounting and Finance
ii. Department of Human Resources & Organisational Management
iii. Department of Information Systems and Decision Sciences
iv. Department of Marketing and Corporate Strategy",students' guide,colleges
176,"The College of Humanities and Social Sciences and its Departments run the following undergraduate Programmes leading to the award
of Bachelor of Art degrees in
i. Akan Language and Culture
ii. Economics
iii. English
iv. French and Francophone Studies
v. Geography and Rural Development
vi. History
vii. Linguistics
viii. Media and Communication Studies
ix. Political Studies
x. Religious Studies
xi. Social Work
xii. Sociology

Additionally, there is also a Bachelor of Law (LLB) programme and a Bachelor of Science degree in
Business Administration with options in
· Accounting / Banking and Finance
· Hospitality and Tourism Management
· Human Resource Management
· Logistics and Supply Chain Management /Business in Information Technology
· Marketing / International Business",students' guide,colleges
177,"There are Master of Arts (MA), Master of Science (MSc.), Master of Public Administration (MPA),
Master of Business Administration (MBA), Master of Laws (LLM), Master of Philosophy (MPhil),
Doctor of Business Administration (DBA) and Doctor of Philosophy (Ph.D.) Programmes run by the
various Departments in the College of Humanities and Social Sciences.",students' guide,colleges
178,"Graduates from the College of Humanities and Social Sciences have a wide range of job opportunities
ranging from Education to Research, Public Institutions and NGOs, International Organisations, Armed
Forces, District Assemblies, and others.
Graduates from the Faculty of Law also have job opportunities in the following areas:
i. State Counsel in the Ministry of Justice.
ii. Judicial Appointment as Magistrates and future Judges.
iii. Legal Officers in the Banks, Lands
Department, Deeds Registry,
District Assemblies and NGOs.
iv. Research Assistants to Judges,
Parliamentarians, and others.
v. Bright future in academics in
Universities and Polytechnics
across the country
vi. Self-employment at the Bar and
in business.
KNUST",students' guide,colleges
179,"The College of Science emerged from the former Faculty of
Science, which was established in 1961. The College status was
attained due to the restructuring of KNUST into the Collegiate
system, following the promulgation of the new Statutes in
December 2004. The College has ten academic Departments
under two faculties. The faculties are the Faculty of Biosciences and Faculty of Physical and Computational Sciences",students' guide,colleges
180,"The Faculty of Biosciences comprises of the following departments;
i. Department of Biochemistry and Biotechnology
ii. Department of Environmental Science
iii. Department of Food Science and Technology
iv. Department of Optometry and Visual Science
v. Department of Theoretical and Applied Biology",students' guide,colleges
181,"The Faculty of Physical and Computational Sciences comprises of the following departments;
i. Department of Chemistry
ii. Department of Computer Science
iii. Department of Mathematics
iv. Department of Meteorology and Climate Science
v. Department of Physics
vi. Department of Statistics and Actuarial Science",students' guide,colleges
182,"Undergraduate Programmes offered in the College of Science are:
i. Actuarial Science
ii. Biochemistry
iii. Biological Sciences
iv. Chemistry
v. Computer Science
vi. Information Technology
vii. Doctor of Optometry
viii. Environmental Science
ix. Food Science and Technology
xi. Mathematics
xii. Meteorology and Climate Science
xiii. Physics
xiv. Statistics
All the programmes are of a four-year duration,leading to the award of a Bachelor of Science (BSc) degree, except the Optometry and Visual Science programme which is of a six-year duration, leading to the award of a Doctor of Optometry (OD) Professional Degree.",students' guide,colleges
183,"In the College of Science, Master of Science (MSc.), Master of Philosophy (MPhil), and Doctor of Philosophy (Ph.D.) programmes are run in all the Departments, with a minimum of two years for the MSc. and MPhil programmes and a minimum of three years for the Ph.D. programmes.",students' guide,colleges
184,"Graduates from the College have varied job opportunities ranging from Educational and Research Institutes, Meteorological Services, Financial and Insurance Companies, Breweries, Civil Aviation, Environmental Protection Agencies, Pharmaceutical Industries, the Armed Forces, and Medical and Forensic Laboratories.",students' guide,colleges
185,"Established in 2005, the Institute of Distance Learning offers a unique opportunity for the expansion of the prestigious KNUST science and technology education in the distance learning mode. IDL-KNUST provides increasing access to quality, demand-driven, continuing, and tertiary education programmes using a wide range of information, communication and management technologies in a flexible manner. The IDL uses the blended approach for teaching combining virtual with face-to-face sessions on weekends. The Institute continues to evolve in terms of the number of undergraduate and postgraduate programmes offered on its platform and has centres in almost all the regional capitals of Ghana. For more information visit www.idl.knust.edu.gh.",students' guide,colleges
186,,students' guide,colleges
187,,students' guide,colleges
188,"The following are the contact information of the Institute of Distance Learning;

Office Location:
Casely Hayford Building, Kwame Nkrumah
University of Science & Technology
Tel:
+233 (0) 247274661/ (0) 500482885/
(0)322491138
Email:
idl@knust.edu.gh",students' guide,colleges
189,"In 2019, KNUST with the support of the Obuasi
West Municipal Assembly and AngloGold
Ashanti established a satellite campus of KNUST
in Obuasi at the old AGA Northern Mines site.
The Campus was officially commissioned by the
President of Ghana, His Excellency Nana Addo
Danquah Akufo Addo, on the 4th of November
2020.
The Management of the Obuasi Campus in
collaboration with the Colleges on the Main
KNUST Campus facilitates the running of
academic programmes. The Campus started
with eleven academic programmes in 2019.
Presently, fifteen undergraduate programmes
(made up of 7 Engineering Programmes, 4
Business Administration Programmes, 3 Allied
Health Sciences Programmes, and 1 Science
Programme) are run on the Campus. With a
foundation student population of 343 in 2019,
the Obuasi Campus now boasts of a growing
student population.
As of 2022, the undergraduate programmes run
at the KNUST - Obuasi Campus leading to an
award of Bachelor of Science were:
i. Business Administration
ii. Civil Engineering
iii. Electrical/ Electronic Engineering
iv. Environmental Science
v. Geological Engineering
vi. Geomatic/Geodetic Engineering
vii. Materials Engineering
viii. Mechanical Engineering
ix. Medical Laboratory Science
x. Metallurgical Engineering
xi. Midwifery
xii. Nursing",students' guide,colleges
190,"The Obuasi Campus is managed by a board
chaired by the Pro Vice-Chancellor of the
University. The Campus has a Coordinating
Dean, who together with a Deputy Registrar,
is responsible for the day-to-day running of the
Campus. Students are represented actively on
major boards and committees of the University
Campus including the Obuasi Campus Board,
the Welfare Services Board, and the Residence
Committee.
The campus representatives communicate and
participate directly with the SRC through the
available student governance structures.
The University is unable to guarantee
accommodation for all students. Most students
are, therefore, living in private sector housing
(hostels), most of which are located outside the
university campus, but well-coordinated by the
university to ensure the safety and comfort of
students. Many of these hostels are, however,
within walking distance of the university campus
while those that are farther away, have shuttles
from the University plying their routes. More
information on accommodation at the Obuasi
campus can be found on the University website.",students' guide,colleges
191,"Before 1974, only a few departments offered
Postgraduate programmes at the University.
In 1974, the Board of Postgraduate Studies was
established to coordinate the activities of those
departments. The Board of Postgraduate Studies
was elevated to the status of a School in 2002. The
idea was to make the Board face the present and
future challenges of Graduate Studies in a more
focused manner.
The objective of graduate studies at the KNUST
is the training and development of graduates
to acquire skills in Science and Technology and
other related fields. Besides, such graduates are
encouraged to provide appropriate research
initiatives and leadership in the industry,
commerce, and other sectors of the national
economy. The departments and faculties
continue to develop additional graduate
programmes, relevant to the promotion of
economic, social, scientific, and technological
advancement of the nation and beyond.
The School of Graduate Studies currently
coordinates over 300 Masters Programmes, and
120 Ph.D. Programmes with 9 Research Centres.
The school is manned by a Director, a Deputy
Director, and a School Secretary.",students' guide,colleges
192,"The School of Graduate Studies has several
policies and regulations including
1. Comprehensive Examination -
Advancement to Candidacy (Ph.D.)
Since 2011, students admitted into Ph.D.
programmes at KNUST are expected to
write the comprehensive examination. A
pass in the comprehensive examination
is required before a student is admitted
to candidacy for the degree.
2. Responsibilities of Graduate Students
The postgraduate candidate is expected
to among others, dedicate effort and
time to meet the requirement of the
programme and undertake courses for
the needed competences.
3. Programme Upgrade and Conversion
Guide
a. Regulations for Upgrade from MPhil
to Ph.D. and MSc. /MA to MPhil
could be obtained from the website
of the School of Graduate Studies.
Detailed information on the School of Graduate
Studies can be obtained from www.sgs.knust.
edu.gh",students' guide,colleges
193,"The University Library System is made up of the
Main Library (the Prempeh II Library), the Six
College/Faculty/School Libraries, and Libraries
outside the Kumasi Campus. The University Main
Library is the management centre for all library
operations within the University. It provides
technical services to staff and students as well as
coordinates the activities of the College Libraries.
The University Librarian is the administrative and
technical head of the University Library System.
He is directly responsible to the Vice-Chancellor
in all administrative, technical and professional
matters concerning the libraries in the University.
The main University Library is adjacent to the
Great Hall on the University’s main campus in
Kumasi. It holds collections in print and online
formats and has spaces to support different
academic needs. It serves as the central
administration for all services within the library
system.
The Prempeh II Library has five (5) functional
departments: Administration, Collection
Development and Management, Students
Support, Academic Support, and Library Systems
& Support.
On the Ground Floor of the Main Library are the
Educational Zones, Lending Department (which
houses the Issue Desk and the Catalogues), the
Discussion Area, Photocopy Unit, Collection and
Development Management, and the Systems and
Support Departments.",students' guide,colleges
194,"The First Floor has offices and a Reading area.
The busts of former Vice-Chancellors of the
University as well as ingenious African Americans
are displayed on the same floor. The adjoining
room is a Lounge for group discussion.
The Ghana Collection is on the Second Floor of
the old block. The adjoining room accommodates
the Reading Area. On the second floor of the new
block are the Science and Technology Collections
of the Students’ Reference Library.
The Third Floor of the old block has the Seminar
room, while the Health and Allied Science Library
Collection is on the Third Floor of the new block.
On the Fourth Floor of the extension are the
collections on Humanities and Social Science.
The general opening hours of the Prempeh II
library are:
· Semester: Weekdays (9am -10pm),
Saturday (9am – 8pm)
· Mid-semester and End of Semester Exam
periods: 24 hours
· Vacation: Weekdays (9am – 5pm),
Saturday (9am – 12pm)
Prempeh II Library offers the following services:
i. Academic skills training;
ii. Access to print and electronic resources;
iii. Computing services and utilities (printing
and scanning);
iv. Dissemination of scholarship;
v. Learning and research support;
vi. Plagiarism avoidance and referencing
support.",students' guide,colleges
195,"There are spaces within the Prempeh II Library that serves different academic needs. These spaces are designed to be as functional as possible while being ergonomic and friendly to the learner. There are dedicated sections within the library that provide learner spaces for students. These spaces have
been physically designed to provide three types of environments for learning. A three-colour coding
system, which is present in directional signs throughout the building provides information about the
type of learner behaviour acceptable within these spaces.

Individual Learning (Quiet Study Space, RED) spaces are designed for learners who require quiet spaces for personal contemplative
learning. In addition, these spaces house reading collections for various academic disciplines and
provide computing pools with quick access to
online resources. Users of these spaces must
comply with a strict set of rules to ensure that
the intended use of the spaces is preserved and
to keep noise at an absolute minimum. There are
three (3) of these spaces within the Prempeh II
Library. They are;
· Engineering Science & Technology –
located on the second floor.
· Health & Allied Sciences – located on the
third floor.
· Social Sciences/Humanities, Architecture,
Art, and Built Environment – located on
the fourth floor.",students' guide,colleges
196,,students' guide,colleges
,,students' guide,colleges
,,students' guide,colleges
,,students' guide,colleges
,,students' guide,colleges
,,students' guide,colleges
,,students' guide,colleges
,,students' guide,colleges
,,students' guide,colleges
,,students' guide,colleges
,,students' guide,colleges
,,students' guide,colleges
,,students' guide,colleges
,,students' guide,colleges
,,students' guide,colleges
,,students' guide,colleges
,,students' guide,colleges
,,students' guide,colleges
,,students' guide,colleges
,,students' guide,colleges
,,students' guide,colleges
,,students' guide,colleges
,,students' guide,colleges
,,students' guide,colleges
,,students' guide,colleges
,,students' guide,colleges
,,students' guide,colleges
,,students' guide,colleges
,,students' guide,colleges
,,students' guide,colleges
,,students' guide,colleges
,,students' guide,colleges
,,students' guide,colleges
,,students' guide,colleges
,,students' guide,colleges
,,students' guide,colleges
,,students' guide,colleges
,,students' guide,colleges
,,students' guide,colleges
,,students' guide,colleges
,,students' guide,colleges
,,students' guide,colleges
,,students' guide,colleges
,,students' guide,colleges
,,students' guide,colleges
,,students' guide,colleges
,,students' guide,colleges
,,students' guide,colleges
,,students' guide,colleges
,,students' guide,colleges
,,students' guide,colleges
,,students' guide,colleges
,,students' guide,colleges
,,students' guide,colleges
,,students' guide,colleges
,,students' guide,colleges
,,students' guide,colleges
,,students' guide,colleges
,,students' guide,colleges
,,students' guide,colleges
,,students' guide,colleges
,,students' guide,colleges
,,students' guide,colleges
,,students' guide,colleges
,,students' guide,colleges
,,students' guide,colleges
,,students' guide,colleges
,,students' guide,colleges
,,students' guide,colleges
,,students' guide,colleges
,,students' guide,colleges
,,students' guide,colleges
,,students' guide,colleges
,,students' guide,colleges
,,students' guide,colleges
,,students' guide,colleges
,,students' guide,colleges
,,students' guide,colleges
,,students' guide,colleges
,,students' guide,colleges
,,students' guide,colleges
,,students' guide,colleges
,,students' guide,colleges
,,students' guide,colleges
,,students' guide,colleges
,,students' guide,colleges
,,students' guide,colleges
,,students' guide,colleges
,,students' guide,colleges
,,students' guide,colleges
,,students' guide,colleges
,,students' guide,colleges
,,students' guide,colleges
,,students' guide,colleges
,,students' guide,colleges
,,students' guide,colleges
,,students' guide,colleges
,,students' guide,colleges
,,students' guide,colleges
,,students' guide,colleges
,,students' guide,colleges
,,students' guide,colleges
,,students' guide,colleges
,,students' guide,colleges
,,students' guide,colleges
,,students' guide,colleges
,,students' guide,colleges
,,students' guide,colleges
,,students' guide,colleges
,,students' guide,colleges
,,students' guide,colleges
,,students' guide,colleges
,,students' guide,colleges
,,students' guide,colleges
,,students' guide,colleges
,,students' guide,colleges
,,students' guide,colleges
,,students' guide,colleges
,,students' guide,colleges
,,students' guide,colleges
,,students' guide,colleges
,,students' guide,colleges
,,students' guide,colleges
,,students' guide,colleges
,,students' guide,colleges
,,students' guide,colleges
,,students' guide,colleges
,,students' guide,colleges
,,students' guide,colleges
,,students' guide,colleges
,,students' guide,colleges
,,students' guide,colleges
,,students' guide,colleges
,,students' guide,colleges
,,students' guide,colleges
,,students' guide,colleges
,,students' guide,colleges
,,students' guide,colleges
,,students' guide,colleges
,,students' guide,colleges
,,students' guide,colleges
,,students' guide,colleges
,,students' guide,colleges
,,students' guide,colleges
,,students' guide,colleges
,,students' guide,colleges
,,students' guide,colleges
,,students' guide,colleges
,,students' guide,colleges
,,students' guide,colleges
,,students' guide,colleges
,,students' guide,colleges
,,students' guide,colleges
,,students' guide,colleges
,,students' guide,colleges
,,students' guide,colleges
,,students' guide,colleges
,,students' guide,colleges
,,students' guide,colleges
,,students' guide,colleges
,,students' guide,colleges
,,students' guide,colleges
,,students' guide,colleges
,,students' guide,colleges
,,students' guide,colleges
,,students' guide,colleges
,,students' guide,colleges
,,students' guide,colleges
,,students' guide,colleges
,,students' guide,colleges
,,students' guide,colleges
,,students' guide,colleges
,,students' guide,colleges
,,students' guide,colleges
,,students' guide,colleges
,,students' guide,colleges
,,students' guide,colleges
,,students' guide,colleges
,,students' guide,colleges
,,students' guide,colleges
,,students' guide,colleges
,,students' guide,colleges
,,students' guide,colleges
,,students' guide,colleges
,,students' guide,colleges
,,students' guide,colleges
,,students' guide,colleges
,,students' guide,colleges
,,students' guide,colleges
,,students' guide,colleges
,,students' guide,colleges
,,students' guide,colleges
,,students' guide,colleges
,,students' guide,colleges
,,students' guide,colleges
,,students' guide,colleges
,,students' guide,colleges
,,students' guide,colleges
,,students' guide,colleges
,,students' guide,colleges
,,students' guide,colleges
,,students' guide,colleges
,,students' guide,colleges
,,students' guide,colleges
,,students' guide,colleges
,,students' guide,colleges
,,students' guide,colleges
,,students' guide,colleges
,,students' guide,colleges
,,students' guide,colleges
,,students' guide,colleges
,,students' guide,colleges
,,students' guide,colleges
,,students' guide,colleges
,,students' guide,colleges
,,students' guide,colleges
,,students' guide,colleges
,,students' guide,colleges
,,students' guide,colleges
,,students' guide,colleges
,,students' guide,colleges
,,students' guide,colleges
,,students' guide,colleges
,,students' guide,colleges
,,students' guide,colleges
,,students' guide,colleges
,,students' guide,colleges
,,students' guide,colleges
,,students' guide,colleges
,,students' guide,colleges
,,students' guide,colleges
,,students' guide,colleges
,,students' guide,colleges
,,students' guide,colleges
,,students' guide,colleges
,,students' guide,colleges
,,students' guide,colleges
,,students' guide,colleges
,,students' guide,colleges
,,students' guide,colleges
,,students' guide,colleges
,,students' guide,colleges
,,students' guide,colleges
,,students' guide,colleges
,,students' guide,colleges
,,students' guide,colleges
,,students' guide,colleges
,,students' guide,colleges
,,students' guide,colleges
,,students' guide,colleges
,,students' guide,colleges
,,students' guide,colleges
,,students' guide,colleges
,,students' guide,colleges
,,students' guide,colleges
,,students' guide,colleges
,,students' guide,colleges
,,students' guide,colleges
,,students' guide,colleges
,,students' guide,colleges
,,students' guide,colleges
,,students' guide,colleges
,,students' guide,colleges
,,students' guide,colleges
,,students' guide,colleges
,,students' guide,colleges
,,students' guide,colleges
,,students' guide,colleges
,,students' guide,colleges
,,students' guide,colleges
,,students' guide,colleges
,,students' guide,colleges
,,students' guide,colleges
,,students' guide,colleges
,,students' guide,colleges
,,students' guide,colleges
,,students' guide,colleges
,,students' guide,colleges
,,students' guide,colleges
,,students' guide,colleges
,,students' guide,colleges
,,students' guide,colleges
,,students' guide,colleges
,,students' guide,colleges
,,students' guide,colleges
,,students' guide,colleges
,,students' guide,colleges
,,students' guide,colleges
,,students' guide,colleges
,,students' guide,colleges
,,students' guide,colleges
,,students' guide,colleges
,,students' guide,colleges
,,students' guide,colleges
,,students' guide,colleges
,,students' guide,colleges
,,students' guide,colleges
,,students' guide,colleges
,,students' guide,colleges
,,students' guide,colleges
,,students' guide,colleges
,,students' guide,colleges
,,students' guide,colleges
,,students' guide,colleges
,,students' guide,colleges
,,students' guide,colleges
